t,network_k,network_q
0,0.015625,0.24340277777777777
