t,network_k,network_q
0,0.015260416666666667,0.2777777777777778
