link,start_node,end_node,traffic_volume,vehicles_remain,free_travel_time,average_travel_time,stddiv_travel_time,length
link1,orig1,merge,400,0,50.0,106.83333333333333,55.531272470763916,1000
link2,orig2,merge,300,0,50.0,93.4375,51.94905607499845,1000
link3,merge,dest,670,30,50.0,52.083333333333336,2.465033242958173,1000
