t,network_k,network_q
0,0.01560763888888889,0.30277777777777776
